Workbook

Sheet Khung CT
A1: Stt | B1: Môn học | C1: Số tiết học | D1: Từ ngày | E1: Đến ngày | F1: Thi hết môn
A2: 1 | B2: Tên môn học 01 | C2: 60 | D2: ="S "&TEXT(WORKDAY.INTL('Ngay nghi'!$C$2,1,"0000011",'Ngay nghi'!$F$2:$F$19),"d/m/yyyy") -> S 11/9/2025 | E2: =IF(MOD(IF(LEFT(D2,1)="S",0,1)+ROUNDUP(C2/5,0)-1,2)=0,"S ","C ")&TEXT(WORKDAY.INTL(DATEVALUE(MID(D2,3,20)),QUOTIENT(IF(LEFT(D2,1)="S",0,1)+ROUNDUP(C2/5,0)-1,2),"0000011",'Ngay nghi'!$F$2:$F$19),"d/m/yyyy") -> C 18/9/2025 | F2: =IF(LEFT(E2,1)="S","C "&TEXT(DATEVALUE(MID(E2,3,20)),"d/m/yyyy"),"S "&TEXT(WORKDAY.INTL(DATEVALUE(MID(E2,3,20)),1,"0000011",'Ngay nghi'!$F$2:$F$19),"d/m/yyyy")) -> S 19/9/2025
A3: 2 | B3: Tên môn học 02 | C3: 55 | D3: =IF(LEFT(F2,1)="S","C "&TEXT(DATEVALUE(MID(F2,3,20)),"d/m/yyyy"),"S "&TEXT(WORKDAY.INTL(DATEVALUE(MID(F2,3,20)),1,"0000011",'Ngay nghi'!$F$2:$F$19),"d/m/yyyy")) -> C 19/9/2025 | E3: =IF(MOD(IF(LEFT(D3,1)="S",0,1)+ROUNDUP(C3/5,0)-1,2)=0,"S ","C ")&TEXT(WORKDAY.INTL(DATEVALUE(MID(D3,3,20)),QUOTIENT(IF(LEFT(D3,1)="S",0,1)+ROUNDUP(C3/5,0)-1,2),"0000011",'Ngay nghi'!$F$2:$F$19),"d/m/yyyy") -> C 26/9/2025 | F3: =IF(LEFT(E3,1)="S","C "&TEXT(DATEVALUE(MID(E3,3,20)),"d/m/yyyy"),"S "&TEXT(WORKDAY.INTL(DATEVALUE(MID(E3,3,20)),1,"0000011",'Ngay nghi'!$F$2:$F$19),"d/m/yyyy")) -> S 29/9/2025
A4: 3 | B4: Tên môn học 03 | C4: 55 | D4: =IF(LEFT(F3,1)="S","C "&TEXT(DATEVALUE(MID(F3,3,20)),"d/m/yyyy"),"S "&TEXT(WORKDAY.INTL(DATEVALUE(MID(F3,3,20)),1,"0000011",'Ngay nghi'!$F$2:$F$19),"d/m/yyyy")) -> C 29/9/2025 | E4: =IF(MOD(IF(LEFT(D4,1)="S",0,1)+ROUNDUP(C4/5,0)-1,2)=0,"S ","C ")&TEXT(WORKDAY.INTL(DATEVALUE(MID(D4,3,20)),QUOTIENT(IF(LEFT(D4,1)="S",0,1)+ROUNDUP(C4/5,0)-1,2),"0000011",'Ngay nghi'!$F$2:$F$19),"d/m/yyyy") -> C 6/10/2025 | F4: =IF(LEFT(E4,1)="S","C "&TEXT(DATEVALUE(MID(E4,3,20)),"d/m/yyyy"),"S "&TEXT(WORKDAY.INTL(DATEVALUE(MID(E4,3,20)),1,"0000011",'Ngay nghi'!$F$2:$F$19),"d/m/yyyy")) -> S 7/10/2025
A5: 4 | B5: Tên môn học 04 | C5: 40 | D5: =IF(LEFT(F4,1)="S","C "&TEXT(DATEVALUE(MID(F4,3,20)),"d/m/yyyy"),"S "&TEXT(WORKDAY.INTL(DATEVALUE(MID(F4,3,20)),1,"0000011",'Ngay nghi'!$F$2:$F$19),"d/m/yyyy")) -> C 7/10/2025 | E5: =IF(MOD(IF(LEFT(D5,1)="S",0,1)+ROUNDUP(C5/5,0)-1,2)=0,"S ","C ")&TEXT(WORKDAY.INTL(DATEVALUE(MID(D5,3,20)),QUOTIENT(IF(LEFT(D5,1)="S",0,1)+ROUNDUP(C5/5,0)-1,2),"0000011",'Ngay nghi'!$F$2:$F$19),"d/m/yyyy") -> S 13/10/2025 | F5: =IF(LEFT(E5,1)="S","C "&TEXT(DATEVALUE(MID(E5,3,20)),"d/m/yyyy"),"S "&TEXT(WORKDAY.INTL(DATEVALUE(MID(E5,3,20)),1,"0000011",'Ngay nghi'!$F$2:$F$19),"d/m/yyyy")) -> C 13/10/2025
A6: 5 | B6: Tên môn học 05 | C6: 60 | D6: =IF(LEFT(F5,1)="S","C "&TEXT(DATEVALUE(MID(F5,3,20)),"d/m/yyyy"),"S "&TEXT(WORKDAY.INTL(DATEVALUE(MID(F5,3,20)),1,"0000011",'Ngay nghi'!$F$2:$F$19),"d/m/yyyy")) -> S 14/10/2025 | E6: =IF(MOD(IF(LEFT(D6,1)="S",0,1)+ROUNDUP(C6/5,0)-1,2)=0,"S ","C ")&TEXT(WORKDAY.INTL(DATEVALUE(MID(D6,3,20)),QUOTIENT(IF(LEFT(D6,1)="S",0,1)+ROUNDUP(C6/5,0)-1,2),"0000011",'Ngay nghi'!$F$2:$F$19),"d/m/yyyy") -> C 21/10/2025 | F6: =IF(LEFT(E6,1)="S","C "&TEXT(DATEVALUE(MID(E6,3,20)),"d/m/yyyy"),"S "&TEXT(WORKDAY.INTL(DATEVALUE(MID(E6,3,20)),1,"0000011",'Ngay nghi'!$F$2:$F$19),"d/m/yyyy")) -> S 22/10/2025
A7: 6 | B7: Tên môn học 06 | C7: 70 | D7: =IF(LEFT(F6,1)="S","C "&TEXT(DATEVALUE(MID(F6,3,20)),"d/m/yyyy"),"S "&TEXT(WORKDAY.INTL(DATEVALUE(MID(F6,3,20)),1,"0000011",'Ngay nghi'!$F$2:$F$19),"d/m/yyyy")) -> C 22/10/2025 | E7: =IF(MOD(IF(LEFT(D7,1)="S",0,1)+ROUNDUP(C7/5,0)-1,2)=0,"S ","C ")&TEXT(WORKDAY.INTL(DATEVALUE(MID(D7,3,20)),QUOTIENT(IF(LEFT(D7,1)="S",0,1)+ROUNDUP(C7/5,0)-1,2),"0000011",'Ngay nghi'!$F$2:$F$19),"d/m/yyyy") -> S 31/10/2025 | F7: =IF(LEFT(E7,1)="S","C "&TEXT(DATEVALUE(MID(E7,3,20)),"d/m/yyyy"),"S "&TEXT(WORKDAY.INTL(DATEVALUE(MID(E7,3,20)),1,"0000011",'Ngay nghi'!$F$2:$F$19),"d/m/yyyy")) -> C 31/10/2025
A8: 7 | B8: Tên môn học 07 | C8: 45 | D8: =IF(LEFT(F7,1)="S","C "&TEXT(DATEVALUE(MID(F7,3,20)),"d/m/yyyy"),"S "&TEXT(WORKDAY.INTL(DATEVALUE(MID(F7,3,20)),1,"0000011",'Ngay nghi'!$F$2:$F$19),"d/m/yyyy")) -> S 3/11/2025 | E8: =IF(MOD(IF(LEFT(D8,1)="S",0,1)+ROUNDUP(C8/5,0)-1,2)=0,"S ","C ")&TEXT(WORKDAY.INTL(DATEVALUE(MID(D8,3,20)),QUOTIENT(IF(LEFT(D8,1)="S",0,1)+ROUNDUP(C8/5,0)-1,2),"0000011",'Ngay nghi'!$F$2:$F$19),"d/m/yyyy") -> S 7/11/2025 | F8: =IF(LEFT(E8,1)="S","C "&TEXT(DATEVALUE(MID(E8,3,20)),"d/m/yyyy"),"S "&TEXT(WORKDAY.INTL(DATEVALUE(MID(E8,3,20)),1,"0000011",'Ngay nghi'!$F$2:$F$19),"d/m/yyyy")) -> C 7/11/2025
A9: 8 | B9: Tên môn học 08 | C9: 45 | D9: =IF(LEFT(F8,1)="S","C "&TEXT(DATEVALUE(MID(F8,3,20)),"d/m/yyyy"),"S "&TEXT(WORKDAY.INTL(DATEVALUE(MID(F8,3,20)),1,"0000011",'Ngay nghi'!$F$2:$F$19),"d/m/yyyy")) -> S 10/11/2025 | E9: =IF(MOD(IF(LEFT(D9,1)="S",0,1)+ROUNDUP(C9/5,0)-1,2)=0,"S ","C ")&TEXT(WORKDAY.INTL(DATEVALUE(MID(D9,3,20)),QUOTIENT(IF(LEFT(D9,1)="S",0,1)+ROUNDUP(C9/5,0)-1,2),"0000011",'Ngay nghi'!$F$2:$F$19),"d/m/yyyy") -> S 14/11/2025 | F9: =IF(LEFT(E9,1)="S","C "&TEXT(DATEVALUE(MID(E9,3,20)),"d/m/yyyy"),"S "&TEXT(WORKDAY.INTL(DATEVALUE(MID(E9,3,20)),1,"0000011",'Ngay nghi'!$F$2:$F$19),"d/m/yyyy")) -> C 14/11/2025
A10: 9 | B10: Tên môn học 09 | C10: 40 | D10: =IF(LEFT(F9,1)="S","C "&TEXT(DATEVALUE(MID(F9,3,20)),"d/m/yyyy"),"S "&TEXT(WORKDAY.INTL(DATEVALUE(MID(F9,3,20)),1,"0000011",'Ngay nghi'!$F$2:$F$19),"d/m/yyyy")) -> S 17/11/2025 | E10: =IF(MOD(IF(LEFT(D10,1)="S",0,1)+ROUNDUP(C10/5,0)-1,2)=0,"S ","C ")&TEXT(WORKDAY.INTL(DATEVALUE(MID(D10,3,20)),QUOTIENT(IF(LEFT(D10,1)="S",0,1)+ROUNDUP(C10/5,0)-1,2),"0000011",'Ngay nghi'!$F$2:$F$19),"d/m/yyyy") -> C 20/11/2025 | F10: =IF(LEFT(E10,1)="S","C "&TEXT(DATEVALUE(MID(E10,3,20)),"d/m/yyyy"),"S "&TEXT(WORKDAY.INTL(DATEVALUE(MID(E10,3,20)),1,"0000011",'Ngay nghi'!$F$2:$F$19),"d/m/yyyy")) -> S 21/11/2025
A11: 10 | B11: Tên môn học 10 | C11: 45 | D11: =IF(LEFT(F10,1)="S","C "&TEXT(DATEVALUE(MID(F10,3,20)),"d/m/yyyy"),"S "&TEXT(WORKDAY.INTL(DATEVALUE(MID(F10,3,20)),1,"0000011",'Ngay nghi'!$F$2:$F$19),"d/m/yyyy")) -> C 21/11/2025 | E11: =IF(MOD(IF(LEFT(D11,1)="S",0,1)+ROUNDUP(C11/5,0)-1,2)=0,"S ","C ")&TEXT(WORKDAY.INTL(DATEVALUE(MID(D11,3,20)),QUOTIENT(IF(LEFT(D11,1)="S",0,1)+ROUNDUP(C11/5,0)-1,2),"0000011",'Ngay nghi'!$F$2:$F$19),"d/m/yyyy") -> C 27/11/2025 | F11: =IF(LEFT(E11,1)="S","C "&TEXT(DATEVALUE(MID(E11,3,20)),"d/m/yyyy"),"S "&TEXT(WORKDAY.INTL(DATEVALUE(MID(E11,3,20)),1,"0000011",'Ngay nghi'!$F$2:$F$19),"d/m/yyyy")) -> S 28/11/2025
A12: 11 | B12: Tên môn học 11 | C12: 70 | D12: =IF(LEFT(F11,1)="S","C "&TEXT(DATEVALUE(MID(F11,3,20)),"d/m/yyyy"),"S "&TEXT(WORKDAY.INTL(DATEVALUE(MID(F11,3,20)),1,"0000011",'Ngay nghi'!$F$2:$F$19),"d/m/yyyy")) -> C 28/11/2025 | E12: =IF(MOD(IF(LEFT(D12,1)="S",0,1)+ROUNDUP(C12/5,0)-1,2)=0,"S ","C ")&TEXT(WORKDAY.INTL(DATEVALUE(MID(D12,3,20)),QUOTIENT(IF(LEFT(D12,1)="S",0,1)+ROUNDUP(C12/5,0)-1,2),"0000011",'Ngay nghi'!$F$2:$F$19),"d/m/yyyy") -> S 9/12/2025 | F12: =IF(LEFT(E12,1)="S","C "&TEXT(DATEVALUE(MID(E12,3,20)),"d/m/yyyy"),"S "&TEXT(WORKDAY.INTL(DATEVALUE(MID(E12,3,20)),1,"0000011",'Ngay nghi'!$F$2:$F$19),"d/m/yyyy")) -> C 9/12/2025
A13: 12 | B13: Tên môn học 12 | C13: 35 | D13: =IF(LEFT(F12,1)="S","C "&TEXT(DATEVALUE(MID(F12,3,20)),"d/m/yyyy"),"S "&TEXT(WORKDAY.INTL(DATEVALUE(MID(F12,3,20)),1,"0000011",'Ngay nghi'!$F$2:$F$19),"d/m/yyyy")) -> S 10/12/2025 | E13: =IF(MOD(IF(LEFT(D13,1)="S",0,1)+ROUNDUP(C13/5,0)-1,2)=0,"S ","C ")&TEXT(WORKDAY.INTL(DATEVALUE(MID(D13,3,20)),QUOTIENT(IF(LEFT(D13,1)="S",0,1)+ROUNDUP(C13/5,0)-1,2),"0000011",'Ngay nghi'!$F$2:$F$19),"d/m/yyyy") -> S 15/12/2025 | F13: =IF(LEFT(E13,1)="S","C "&TEXT(DATEVALUE(MID(E13,3,20)),"d/m/yyyy"),"S "&TEXT(WORKDAY.INTL(DATEVALUE(MID(E13,3,20)),1,"0000011",'Ngay nghi'!$F$2:$F$19),"d/m/yyyy")) -> C 15/12/2025
A14: 13 | B14: Tên môn học 13 | C14: 50 | D14: =IF(LEFT(F13,1)="S","C "&TEXT(DATEVALUE(MID(F13,3,20)),"d/m/yyyy"),"S "&TEXT(WORKDAY.INTL(DATEVALUE(MID(F13,3,20)),1,"0000011",'Ngay nghi'!$F$2:$F$19),"d/m/yyyy")) -> S 16/12/2025 | E14: =IF(MOD(IF(LEFT(D14,1)="S",0,1)+ROUNDUP(C14/5,0)-1,2)=0,"S ","C ")&TEXT(WORKDAY.INTL(DATEVALUE(MID(D14,3,20)),QUOTIENT(IF(LEFT(D14,1)="S",0,1)+ROUNDUP(C14/5,0)-1,2),"0000011",'Ngay nghi'!$F$2:$F$19),"d/m/yyyy") -> C 22/12/2025 | F14: =IF(LEFT(E14,1)="S","C "&TEXT(DATEVALUE(MID(E14,3,20)),"d/m/yyyy"),"S "&TEXT(WORKDAY.INTL(DATEVALUE(MID(E14,3,20)),1,"0000011",'Ngay nghi'!$F$2:$F$19),"d/m/yyyy")) -> S 23/12/2025
... A20: 19 | B20: Tên môn học 19 | C20: 40 | D20: =IF(LEFT(F19,1)="S","C "&TEXT(DATEVALUE(MID(F19,3,20)),"d/m/yyyy"),"S "&TEXT(WORKDAY.INTL(DATEVALUE(MID(F19,3,20)),1,"0000011",'Ngay nghi'!$F$2:$F$19),"d/m/yyyy")) -> C 22/1/2026 | E20: =IF(MOD(IF(LEFT(D20,1)="S",0,1)+ROUNDUP(C20/5,0)-1,2)=0,"S ","C ")&TEXT(WORKDAY.INTL(DATEVALUE(MID(D20,3,20)),QUOTIENT(IF(LEFT(D20,1)="S",0,1)+ROUNDUP(C20/5,0)-1,2),"0000011",'Ngay nghi'!$F$2:$F$19),"d/m/yyyy") -> S 28/1/2026 | F20: =IF(LEFT(E20,1)="S","C "&TEXT(DATEVALUE(MID(E20,3,20)),"d/m/yyyy"),"S "&TEXT(WORKDAY.INTL(DATEVALUE(MID(E20,3,20)),1,"0000011",'Ngay nghi'!$F$2:$F$19),"d/m/yyyy")) -> C 28/1/2026

Sheet Ngay nghi
A1: STT | B1: Tên Ngày | C1: Từ ngày | D1: Đến ngày | F1: NgayNghi_List
A2: 1 | B2: Ngày khai giảng | C2: 45910 | D2: 45910 | F2: 45910
A3: 1 | B3: Tết Dương lịch | C3: 46023 | D3: 46023 | F3: 46023
A4: 2 | B4: Tết Nguyên Dán | C4: 46065 | D4: 46075 | F4: 46065
A5: 3 | B5: Giỗ Tổ Hùng Vương | C5: 46139 | D5: 46139 | F5: 46066
A6: 4 | B6: Ngày Chiến Thắng | C6: 46142 | D6: 46142 | F6: 46067
A7: 5 | B7: Ngày Quốc Khánh | C7: 46265 | D7: 46267 | F7: 46068
F8: 46069
F9: 46070
F10: 46071
F11: 46072
F12: 46073
F13: 46074
F14: 46075
F15: 46139
F16: 46142
F17: 46265
F18: 46266
F19: 46267
